{"mean":4.585858585858586,"variance":6.449185734900021,"standard_deviation":2.539524706495296}