{"mean":15.16916916916917,"variance":20.777966343096587,"standard_deviation":4.558285460904855}