{"mean":15.07007007007007,"variance":19.796688472039143,"standard_deviation":4.449346971414922}