{"mean":4.838383838383838,"variance":6.912389198103484,"standard_deviation":2.6291422932400375}