{"mean":14.85885885885886,"variance":19.18547003917739,"standard_deviation":4.38012214888779}