{"mean":5,"variance":6.775510204081633,"standard_deviation":2.602981022612657}