{"mean":4.666666666666667,"variance":7.326530612244899,"standard_deviation":2.7067564744994885}