{"mean":15.033033033033034,"variance":20.24640271534054,"standard_deviation":4.499600283951958}