{"mean":15.13113113113113,"variance":20.085993809440698,"standard_deviation":4.481740042599604}