{"mean":5.1313131313131315,"variance":6.972376829519689,"standard_deviation":2.640525862308432}